ID	Name	Bgd count	Result count	Result gene list	Pct of bgd	Fold enrichment	Odds ratio	P-value	Benjamini	Bonferroni
GO:0005576	extracellular region	23	14	RO3G_02911,RO3G_03324,RO3G_04084,RO3G_04939,RO3G_06012,RO3G_06020,RO3G_06021,RO3G_06101,RO3G_07611,RO3G_10111,RO3G_10259,RO3G_11028,RO3G_13829,RO3G_16870,	60.9	11.94	29.8	3.56774451205e-13	7.13548902409e-12	7.13548902409e-12
GO:0005618	cell wall	9	6	RO3G_02461,RO3G_11313,RO3G_12237,RO3G_12287,RO3G_15315,RO3G_15505,	66.7	13.07	37.69	1.2556227034e-06	8.37081802267e-06	2.5112454068e-05
GO:0030312	external encapsulating structure	9	6	RO3G_02461,RO3G_11313,RO3G_12237,RO3G_12287,RO3G_15315,RO3G_15505,	66.7	13.07	37.69	1.2556227034e-06	8.37081802267e-06	2.5112454068e-05
GO:0005783	endoplasmic reticulum	166	23	RO3G_00826,RO3G_00837,RO3G_02005,RO3G_02009,RO3G_02087,RO3G_02802,RO3G_03706,RO3G_05486,RO3G_08670,RO3G_08859,RO3G_11635,RO3G_11662,RO3G_12040,RO3G_12249,RO3G_12321,RO3G_13075,RO3G_14024,RO3G_14184,RO3G_15222,RO3G_16052,RO3G_16321,RO3G_16863,RO3G_17195,	13.9	2.72	3.1	1.09788626309e-05	5.48943131545e-05	0.000219577252618
GO:0005739	mitochondrion	371	31	RO3G_00904,RO3G_01074,RO3G_02063,RO3G_02294,RO3G_02984,RO3G_03147,RO3G_04101,RO3G_04569,RO3G_04614,RO3G_04971,RO3G_05245,RO3G_05361,RO3G_05655,RO3G_06178,RO3G_07142,RO3G_07413,RO3G_08281,RO3G_08983,RO3G_09455,RO3G_09516,RO3G_09531,RO3G_09880,RO3G_10029,RO3G_12242,RO3G_13156,RO3G_13157,RO3G_13208,RO3G_14333,RO3G_15433,RO3G_17073,RO3G_17096,	8.4	1.64	1.75	0.00449551039169	0.0179820415668	0.0899102078339
