ID	Name	Bgd count	Result count	Result gene list	Pct of bgd	Fold enrichment	Odds ratio	P-value	Benjamini	Bonferroni
GO:0005576	extracellular region	111	40	CNAG_00150,CNAG_00407,CNAG_00581,CNAG_00601,CNAG_00776,CNAG_00799,CNAG_01230,CNAG_01239,CNAG_01512,CNAG_01562,CNAG_02030,CNAG_02060,CNAG_02189,CNAG_02500,CNAG_02775,CNAG_02818,CNAG_02860,CNAG_02944,CNAG_02958,CNAG_02966,CNAG_03204,CNAG_03223,CNAG_03464,CNAG_03465,CNAG_03525,CNAG_04625,CNAG_04735,CNAG_04869,CNAG_05156,CNAG_05595,CNAG_05762,CNAG_05799,CNAG_05973,CNAG_06241,CNAG_06291,CNAG_06501,CNAG_06593,CNAG_07442,CNAG_07666,CNAG_07865,	36.0	4.58	7.22	1.56257696502e-17	3.75018471606e-16	3.75018471606e-16
GO:0005783	endoplasmic reticulum	130	26	CNAG_00045,CNAG_00072,CNAG_00461,CNAG_01978,CNAG_02500,CNAG_02855,CNAG_02871,CNAG_02892,CNAG_03009,CNAG_03079,CNAG_03176,CNAG_03442,CNAG_03483,CNAG_03648,CNAG_03855,CNAG_04065,CNAG_04078,CNAG_04171,CNAG_04715,CNAG_04743,CNAG_04748,CNAG_05254,CNAG_06240,CNAG_06443,CNAG_06548,CNAG_06655,	20.0	2.54	3.06	6.37758888763e-06	7.65310666515e-05	0.000153062133303
GO:0005618	cell wall	4	3	CNAG_00150,CNAG_03464,CNAG_03465,	75.0	9.53	35.39	0.00182078528806	0.0109247117284	0.0436988469135
GO:0030312	external encapsulating structure	4	3	CNAG_00150,CNAG_03464,CNAG_03465,	75.0	9.53	35.39	0.00182078528806	0.0109247117284	0.0436988469135
GO:0005886	plasma membrane	50	8	CNAG_01421,CNAG_02775,CNAG_02959,CNAG_04953,CNAG_05654,CNAG_06424,CNAG_06501,CNAG_07701,	16.0	2.03	2.26	0.0394916424241	0.189559883636	0.947799418179
