ID	Name	Bgd count	Result count	Result gene list	Pct of bgd	Fold enrichment	Odds ratio	P-value	Benjamini	Bonferroni
GO:0005576	extracellular region	59	35	BDEG_20379,BDEG_20405,BDEG_22285,BDEG_22319,BDEG_22774,BDEG_23049,BDEG_23209,BDEG_23332,BDEG_23394,BDEG_23812,BDEG_23816,BDEG_23888,BDEG_24008,BDEG_24204,BDEG_24205,BDEG_24252,BDEG_24254,BDEG_24255,BDEG_24256,BDEG_24587,BDEG_24855,BDEG_24892,BDEG_24934,BDEG_25147,BDEG_25536,BDEG_25619,BDEG_25898,BDEG_26370,BDEG_26699,BDEG_26857,BDEG_27285,BDEG_27916,BDEG_27920,BDEG_28447,BDEG_28700,	59.3	7.33	17.91	5.9411596873e-24	1.30705513121e-22	1.30705513121e-22
GO:0005615	extracellular space	44	29	BDEG_20379,BDEG_20405,BDEG_22285,BDEG_22774,BDEG_23049,BDEG_23209,BDEG_23332,BDEG_23394,BDEG_23812,BDEG_23816,BDEG_23888,BDEG_24008,BDEG_24204,BDEG_24205,BDEG_24587,BDEG_24855,BDEG_24892,BDEG_24934,BDEG_25147,BDEG_25536,BDEG_25619,BDEG_25898,BDEG_26370,BDEG_26699,BDEG_26857,BDEG_27285,BDEG_27916,BDEG_27920,BDEG_28447,	65.9	8.14	23.44	6.65191577507e-22	7.31710735258e-21	1.46342147052e-20
GO:0005783	endoplasmic reticulum	136	22	BDEG_20200,BDEG_20301,BDEG_20539,BDEG_20676,BDEG_20699,BDEG_20712,BDEG_20870,BDEG_22307,BDEG_22694,BDEG_22702,BDEG_23130,BDEG_23338,BDEG_23384,BDEG_23496,BDEG_25242,BDEG_25297,BDEG_26224,BDEG_26539,BDEG_27255,BDEG_27631,BDEG_27786,BDEG_28252,	16.2	2.0	2.25	0.00120489751762	0.00883591512918	0.0265077453876
