ID	Name	Bgd count	Result count	Result gene list	Pct of bgd	Fold enrichment	Odds ratio	P-value	Benjamini	Bonferroni
GO:0005576	extracellular region	39	33	ZTRI_1.1329,ZTRI_1.1385,ZTRI_1.1481,ZTRI_1.1493,ZTRI_1.1605,ZTRI_1.1780,ZTRI_1.1901,ZTRI_1.357,ZTRI_10.554,ZTRI_11.127,ZTRI_11.40,ZTRI_11.422,ZTRI_12.112,ZTRI_12.94,ZTRI_13.27,ZTRI_2.1217,ZTRI_2.129,ZTRI_2.663,ZTRI_2.673,ZTRI_2.680,ZTRI_2.980,ZTRI_3.1063,ZTRI_4.39,ZTRI_4.633,ZTRI_5.657,ZTRI_5.752,ZTRI_6.44,ZTRI_7.263,ZTRI_7.455,ZTRI_9.197,ZTRI_9.20,ZTRI_9.38,ZTRI_9.519,	84.6	8.19	50.26	2.46045528893e-27	5.16695610676e-26	5.16695610676e-26
GO:0005618	cell wall	14	13	ZTRI_1.1034,ZTRI_1.1044,ZTRI_1.1188,ZTRI_1.1722,ZTRI_1.1921,ZTRI_1.206,ZTRI_11.127,ZTRI_11.134,ZTRI_2.673,ZTRI_3.72,ZTRI_7.97,ZTRI_9.20,ZTRI_9.38,	92.9	8.99	115.16	1.73038742405e-12	1.21127119684e-11	3.63381359051e-11
GO:0030312	external encapsulating structure	14	13	ZTRI_1.1034,ZTRI_1.1044,ZTRI_1.1188,ZTRI_1.1722,ZTRI_1.1921,ZTRI_1.206,ZTRI_11.127,ZTRI_11.134,ZTRI_2.673,ZTRI_3.72,ZTRI_7.97,ZTRI_9.20,ZTRI_9.38,	92.9	8.99	115.16	1.73038742405e-12	1.21127119684e-11	3.63381359051e-11
GO:0005615	extracellular space	5	5	ZTRI_1.1901,ZTRI_12.94,ZTRI_2.680,ZTRI_5.657,ZTRI_9.519,	100.0	9.68	inf	1.15884836051e-05	6.08395389268e-05	0.000243358155707
GO:0005783	endoplasmic reticulum	107	24	ZTRI_1.1465,ZTRI_1.1485,ZTRI_1.2026,ZTRI_1.410,ZTRI_1.744,ZTRI_1.770,ZTRI_1.989,ZTRI_10.120,ZTRI_12.154,ZTRI_12.51,ZTRI_2.1153,ZTRI_2.886,ZTRI_2.889,ZTRI_3.191,ZTRI_3.334,ZTRI_3.77,ZTRI_4.802,ZTRI_5.224,ZTRI_5.398,ZTRI_5.424,ZTRI_6.530,ZTRI_6.642,ZTRI_7.295,ZTRI_8.342,	22.4	2.17	2.57	0.000176384332888	0.000740814198128	0.00370407099064
